tag,step_or_epoch,value
val/psnr,817.0,12.967820785303784
val/psnr,1634.0,12.467060364887214
val/psnr,2451.0,12.621559474118955
val/psnr,3268.0,12.191949205945251
val/psnr,4085.0,12.052430417735106
val/psnr,4902.0,12.214893777810843
val/psnr,5719.0,12.69728134301058
val/psnr,6536.0,12.64412701904394
val/psnr,7353.0,11.187777556279663
val/psnr,8170.0,12.498113772519835
val/psnr,8987.0,12.630671337151982
val/psnr,9804.0,12.34053799756773
val/psnr,10621.0,12.642589361956166
val/psnr,11438.0,12.680103352419131
val/psnr,12255.0,12.080404258533648
val/psnr,13072.0,12.547502015958166
val/psnr,13889.0,12.234154121131654
val/psnr,14706.0,12.588556980934872
val/psnr,15523.0,12.585599471049704
val/psnr,16340.0,12.266925444268876
val/psnr,17157.0,12.614751038277985
val/psnr,17974.0,12.055341111322877
val/psnr,18791.0,12.234698784579138
val/psnr,19608.0,12.252291027603635
val/psnr,20425.0,12.420700553116525
val/psnr,21242.0,12.526399622753168
val/psnr,22059.0,12.608617551767143
val/psnr,22876.0,12.766414523276554
val/psnr,23693.0,12.434153411646557
val/psnr,24510.0,12.75972492497438
val/psnr,25327.0,12.598807612498096
val/psnr,26144.0,12.531752238303993
val/psnr,26961.0,12.373522711711324
val/psnr,27778.0,12.498377663922158
val/psnr,28595.0,12.525329755066307
val/psnr,29412.0,12.677737905417278
val/psnr,30229.0,12.761048154770188
val/psnr,31046.0,12.67344841987464
val/psnr,31863.0,12.337797267573654
val/psnr,32680.0,12.67812913177879
val/psnr,33497.0,12.523227861732435
val/psnr,34314.0,12.685162652981509
val/psnr,35131.0,12.816593151335503
val/psnr,35948.0,12.719237150204409
val/psnr,36765.0,12.47070292940565
val/psnr,37582.0,12.69657084045896
val/psnr,38399.0,12.63548173904419
val/psnr,39216.0,12.832434670029173
val/psnr,40033.0,12.70093137777535
val/psnr,40850.0,12.610843578265731
val/psnr,41667.0,12.655683742207327
val/psnr,42484.0,12.568928922665346
val/psnr,43301.0,12.603455215502697
val/psnr,44118.0,12.425800024020445
val/psnr,44935.0,12.724512216239978
val/psnr,45752.0,12.545918731932428
val/psnr,46569.0,12.70936291081131
val/psnr,47386.0,12.674828460110222
val/psnr,48203.0,12.743477722338051
val/psnr,49020.0,12.564420616854528
val/psnr,49837.0,12.488458341853633
val/ssim,817.0,0.14530731462369298
val/ssim,1634.0,0.1344853935727648
val/ssim,2451.0,0.13508274980411408
val/ssim,3268.0,0.12570680774700868
val/ssim,4085.0,0.12090941842194576
val/ssim,4902.0,0.12460072777073854
val/ssim,5719.0,0.1374118438192234
val/ssim,6536.0,0.13288769236036166
val/ssim,7353.0,0.11341225675716522
val/ssim,8170.0,0.1353895037037552
val/ssim,8987.0,0.12801924457975253
val/ssim,9804.0,0.1293045004461981
val/ssim,10621.0,0.13420121958301326
val/ssim,11438.0,0.1327430365951198
val/ssim,12255.0,0.120316535424275
val/ssim,13072.0,0.1334003860783425
val/ssim,13889.0,0.12801068269523086
val/ssim,14706.0,0.13128297670631653
val/ssim,15523.0,0.13676354065062893
val/ssim,16340.0,0.1224913594829049
val/ssim,17157.0,0.13596552777442203
val/ssim,17974.0,0.12246148745725109
val/ssim,18791.0,0.12908674296300124
val/ssim,19608.0,0.12358120300207928
val/ssim,20425.0,0.12702559566801522
val/ssim,21242.0,0.13270054638006126
val/ssim,22059.0,0.13320283206405154
val/ssim,22876.0,0.14107971586239565
val/ssim,23693.0,0.12954537496445284
val/ssim,24510.0,0.1379969517136835
val/ssim,25327.0,0.12851450989960106
val/ssim,26144.0,0.13366926665518694
val/ssim,26961.0,0.12643409830749414
val/ssim,27778.0,0.1298455033332679
val/ssim,28595.0,0.13281643504549742
val/ssim,29412.0,0.13709463959286927
val/ssim,30229.0,0.1367257852463206
val/ssim,31046.0,0.13241587907645352
val/ssim,31863.0,0.12594130350525973
val/ssim,32680.0,0.13426637064879107
val/ssim,33497.0,0.12944845955842618
val/ssim,34314.0,0.14060622696663924
val/ssim,35131.0,0.13833045230549612
val/ssim,35948.0,0.12906337665144804
val/ssim,36765.0,0.12938279270366498
val/ssim,37582.0,0.13042472494635612
val/ssim,38399.0,0.1311684001782897
val/ssim,39216.0,0.13702524034840285
val/ssim,40033.0,0.13112642134830452
val/ssim,40850.0,0.13293884757218088
val/ssim,41667.0,0.13314416408538818
val/ssim,42484.0,0.1292485349497218
val/ssim,43301.0,0.1287448678806329
val/ssim,44118.0,0.1267429486201827
val/ssim,44935.0,0.13527383819507185
val/ssim,45752.0,0.13333375879154083
val/ssim,46569.0,0.1336823062532267
val/ssim,47386.0,0.1328574145675465
val/ssim,48203.0,0.1360599202714908
val/ssim,49020.0,0.13777066734945698
val/ssim,49837.0,0.1289482147830307
val/lpips,817.0,0.568965208682285
val/lpips,1634.0,0.5767671519783651
val/lpips,2451.0,0.5670333255628112
val/lpips,3268.0,0.5637800693511963
val/lpips,4085.0,0.5477630171806189
val/lpips,4902.0,0.5412592302462098
val/lpips,5719.0,0.5413621803377844
val/lpips,6536.0,0.538167429691667
val/lpips,7353.0,0.6021646369414725
val/lpips,8170.0,0.5272814690307447
val/lpips,8987.0,0.5318037249859731
val/lpips,9804.0,0.5271069681948157
val/lpips,10621.0,0.5223476202244971
val/lpips,11438.0,0.5134161318942999
val/lpips,12255.0,0.5303261130099084
val/lpips,13072.0,0.5119512205290946
val/lpips,13889.0,0.5147752665410376
val/lpips,14706.0,0.5082913374445241
val/lpips,15523.0,0.5061250175640082
val/lpips,16340.0,0.5121546637480426
val/lpips,17157.0,0.4996389423586001
val/lpips,17974.0,0.5074610005138785
val/lpips,18791.0,0.5052051092409025
val/lpips,19608.0,0.5031582385871061
val/lpips,20425.0,0.5012266266877484
val/lpips,21242.0,0.49186732138797734
val/lpips,22059.0,0.494077768864905
val/lpips,22876.0,0.4953927813062243
val/lpips,23693.0,0.5042899871707722
val/lpips,24510.0,0.4863601241901422
val/lpips,25327.0,0.4897101564392163
val/lpips,26144.0,0.48953718060900453
val/lpips,26961.0,0.48644985981807587
val/lpips,27778.0,0.4866483284029991
val/lpips,28595.0,0.4813807965084246
val/lpips,29412.0,0.48592761599334183
val/lpips,30229.0,0.47367124185440646
val/lpips,31046.0,0.4827822381144117
val/lpips,31863.0,0.48263501145277815
val/lpips,32680.0,0.4826746114879657
val/lpips,33497.0,0.4764065252747505
val/lpips,34314.0,0.47610047478584727
val/lpips,35131.0,0.47221035858628096
val/lpips,35948.0,0.4818379405197824
val/lpips,36765.0,0.47293064100727156
val/lpips,37582.0,0.47359728600568834
val/lpips,38399.0,0.47815079894035484
val/lpips,39216.0,0.47179072916887366
val/lpips,40033.0,0.46554237410521054
val/lpips,40850.0,0.4721865382923442
val/lpips,41667.0,0.4738712860520478
val/lpips,42484.0,0.4649715163145855
val/lpips,43301.0,0.4618030501399071
val/lpips,44118.0,0.4644546818201709
val/lpips,44935.0,0.47511497325957963
val/lpips,45752.0,0.4669893925736664
val/lpips,46569.0,0.4716755002167574
val/lpips,47386.0,0.46773787330669964
val/lpips,48203.0,0.4642362081321182
val/lpips,49020.0,0.4626585313089334
val/lpips,49837.0,0.4686433915120021
val/mae,817.0,0.18261071982657073
val/mae,1634.0,0.19156261790709891
val/mae,2451.0,0.18804435725234875
val/mae,3268.0,0.1987290354291345
val/mae,4085.0,0.20084062003216166
val/mae,4902.0,0.19685286816897665
val/mae,5719.0,0.18796313540760878
val/mae,6536.0,0.18820380681449442
val/mae,7353.0,0.2227152311213457
val/mae,8170.0,0.19222718307356926
val/mae,8987.0,0.18911617180439316
val/mae,9804.0,0.1951181631938667
val/mae,10621.0,0.18865647222965387
val/mae,11438.0,0.1871175897918689
val/mae,12255.0,0.1999683738893764
val/mae,13072.0,0.1902008892339506
val/mae,13889.0,0.19602046016674893
val/mae,14706.0,0.1903525179453716
val/mae,15523.0,0.1894150724646392
val/mae,16340.0,0.19731627146529543
val/mae,17157.0,0.18907101857624237
val/mae,17974.0,0.20187940269139162
val/mae,18791.0,0.19830262998391868
val/mae,19608.0,0.19702352011089871
val/mae,20425.0,0.19439025458636558
val/mae,21242.0,0.19210306237078018
val/mae,22059.0,0.18965836260349128
val/mae,22876.0,0.186342105981271
val/mae,23693.0,0.19476384615442555
val/mae,24510.0,0.18689086707724128
val/mae,25327.0,0.19055224498555917
val/mae,26144.0,0.1914683635732171
val/mae,26961.0,0.19463905026768424
val/mae,27778.0,0.19269441727809844
val/mae,28595.0,0.19219469311320858
val/mae,29412.0,0.18760532848774247
val/mae,30229.0,0.1860288699815987
val/mae,31046.0,0.18935289893560348
val/mae,31863.0,0.19627776722050017
val/mae,32680.0,0.18988861081896313
val/mae,33497.0,0.19154983823466454
val/mae,34314.0,0.18848998676629583
val/mae,35131.0,0.18512700866362092
val/mae,35948.0,0.18864103304162907
val/mae,36765.0,0.19218537290194992
val/mae,37582.0,0.18849554612378405
val/mae,38399.0,0.19046945308993576
val/mae,39216.0,0.18571822135501606
val/mae,40033.0,0.18832026409685232
val/mae,40850.0,0.18958401431323615
val/mae,41667.0,0.1898445049288926
val/mae,42484.0,0.19008877626649892
val/mae,43301.0,0.19021709880251794
val/mae,44118.0,0.19447641935033402
val/mae,44935.0,0.1873152934252077
val/mae,45752.0,0.19000810948526783
val/mae,46569.0,0.18862531884650516
val/mae,47386.0,0.18935655769269177
val/mae,48203.0,0.1879157842486907
val/mae,49020.0,0.1918208129324351
val/mae,49837.0,0.1928695052387608
val/delta_e76,817.0,27.606184088348584
val/delta_e76,1634.0,28.78283181281606
val/delta_e76,2451.0,28.905893874927692
val/delta_e76,3268.0,29.389923975270264
val/delta_e76,4085.0,30.46484497216097
val/delta_e76,4902.0,29.28761300979906
val/delta_e76,5719.0,26.77320163143668
val/delta_e76,6536.0,26.944575835792882
val/delta_e76,7353.0,32.43083549426619
val/delta_e76,8170.0,28.35486135786506
val/delta_e76,8987.0,27.21913151710656
val/delta_e76,9804.0,28.496162369600526
val/delta_e76,10621.0,26.35870151276801
val/delta_e76,11438.0,27.549028983389498
val/delta_e76,12255.0,28.355632751610628
val/delta_e76,13072.0,27.938653887609007
val/delta_e76,13889.0,29.179226555793907
val/delta_e76,14706.0,27.759247887969778
val/delta_e76,15523.0,27.723500027018748
val/delta_e76,16340.0,28.134548691427632
val/delta_e76,17157.0,26.709989766406405
val/delta_e76,17974.0,28.061334507936124
val/delta_e76,18791.0,28.1396085405046
val/delta_e76,19608.0,27.731569741485984
val/delta_e76,20425.0,27.043730272912676
val/delta_e76,21242.0,26.899254006792784
val/delta_e76,22059.0,27.31802073314691
val/delta_e76,22876.0,26.206619837329647
val/delta_e76,23693.0,27.008415903711015
val/delta_e76,24510.0,26.1936286002967
val/delta_e76,25327.0,27.716610424989348
val/delta_e76,26144.0,26.81389421353674
val/delta_e76,26961.0,26.844536697484884
val/delta_e76,27778.0,26.52517395383993
val/delta_e76,28595.0,26.90023076974662
val/delta_e76,29412.0,26.484746748322895
val/delta_e76,30229.0,25.983166816128286
val/delta_e76,31046.0,26.2116542069016
val/delta_e76,31863.0,27.208777367537188
val/delta_e76,32680.0,26.247002426682005
val/delta_e76,33497.0,26.71132512122962
val/delta_e76,34314.0,25.828536952073406
val/delta_e76,35131.0,26.35914763067938
val/delta_e76,35948.0,26.06453010048836
val/delta_e76,36765.0,27.0243000613656
val/delta_e76,37582.0,26.19830893133856
val/delta_e76,38399.0,26.419300109717497
val/delta_e76,39216.0,25.951996673899853
val/delta_e76,40033.0,26.691592395077844
val/delta_e76,40850.0,26.538214745491175
val/delta_e76,41667.0,26.190249084667037
val/delta_e76,42484.0,26.294707610500847
val/delta_e76,43301.0,26.386076553612
val/delta_e76,44118.0,26.823241646882074
val/delta_e76,44935.0,26.01610825046612
val/delta_e76,45752.0,26.502182247380542
val/delta_e76,46569.0,26.165145637123448
val/delta_e76,47386.0,26.223612147531693
val/delta_e76,48203.0,26.27941989716451
val/delta_e76,49020.0,26.887535480329184
val/delta_e76,49837.0,27.484053543722553
